asof_date,forecast_date,horizon_weeks,last_observed_price,actual_cumulative_log_return,predicted_cumulative_log_return,baseline_cumulative_log_return,actual_price,predicted_price,baseline_price,clip_lo,clip_hi,train_rows
2025-07-31,2025-08-07,1,295.8,0.006738569973209398,0.005365757271647453,0.0,297.8000000000001,297.39144945144653,295.8,-0.06828563907823594,0.0777723181130145,2427
2025-08-01,2025-08-08,1,284.2,0.0847951063139972,0.008096975274384022,0.0,309.34999999999985,286.51049914360044,284.2,-0.06828563907823594,0.0777723181130145,2427
2025-08-04,2025-08-11,1,288.55,0.08468382774341421,0.008187862113118172,0.0,314.04999999999995,290.9223158657551,288.55,-0.06828563907823594,0.0777723181130145,2427
2025-08-05,2025-08-12,1,298.7,0.031633609670040905,0.0024327535647898912,0.0,308.30000000000007,299.42753887176514,298.7,-0.06828563907823594,0.0777723181130145,2427
2025-08-06,2025-08-13,1,293.4,0.0635474883044259,0.009126120246946812,0.0,312.65000000000003,296.08986468315123,293.4,-0.06828563907823594,0.0777723181130145,2427
2025-08-07,2025-08-14,1,297.8,0.06782810117338199,0.017243852838873863,0.0,318.7,302.9797398090363,297.8,-0.06825583599628189,0.07808995413114642,2432
2025-08-08,2025-08-15,1,309.35,0.0772662941842953,0.0057574789971113205,0.0,334.2,311.1362303197384,309.35,-0.06825583599628189,0.07808995413114642,2432
2025-08-11,2025-08-18,1,314.05,0.067707749515585,0.0046085212379693985,0.0,336.04999999999995,315.5006351232529,314.05,-0.06825583599628189,0.07808995413114642,2432
2025-08-12,2025-08-19,1,308.3,0.124141843524306,0.007261817343533039,0.0,349.0500000000001,310.54695746898653,308.3,-0.06825583599628189,0.07808995413114642,2432
2025-08-13,2025-08-20,1,312.65,0.122657678603656,0.012516403570771217,0.0,353.44999999999993,316.58784472346304,312.65,-0.06825583599628189,0.07808995413114642,2432
2025-08-14,2025-08-21,1,318.7,0.13564713215920038,0.016790246590971947,0.0,364.99999999999983,324.09623179435727,318.7,-0.06822603291432784,0.0782862901510713,2437
2025-08-15,2025-08-22,1,334.2,0.12394791547769021,0.014143786393105984,0.0,378.3,338.9604510784149,334.2,-0.06822603291432784,0.0782862901510713,2437
2025-08-18,2025-08-25,1,336.05,0.1169726427368739,0.013917244039475918,0.0,377.74999999999994,340.7595668435097,336.05,-0.06822603291432784,0.0782862901510713,2437
2025-08-19,2025-08-26,1,349.05,0.06448480246226039,0.009146254509687424,0.0,372.29999999999984,352.2571325540543,349.05,-0.06822603291432784,0.0782862901510713,2437
2025-08-20,2025-08-27,1,353.45,0.0862802190151486,0.009841259568929672,0.0,385.29999999999984,356.9455643296242,353.45,-0.06822603291432784,0.0782862901510713,2437
2025-08-21,2025-08-28,1,365.0,0.033673215106587995,0.01332352589815855,0.0,377.50000000000006,369.89564061164856,365.0,-0.06818738405245064,0.07888382365471681,2442
2025-08-22,2025-08-29,1,378.3,0.0204088716312079,0.006777426227927208,0.0,386.1000000000003,380.8725962877274,378.3,-0.06818738405245064,0.07888382365471681,2442
2025-08-25,2025-09-01,1,377.75,-0.0197840966935504,0.017710963264107704,0.0,370.35000000000014,384.4999230504036,377.75,-0.06818738405245064,0.07888382365471681,2442
2025-08-26,2025-09-02,1,372.3,0.003619549497627399,0.014660497196018696,0.0,373.64999999999986,377.79830557107925,372.3,-0.06818738405245064,0.07888382365471681,2442
2025-08-27,2025-09-03,1,385.3,-0.028697507028675302,0.01203466858714819,0.0,374.39999999999986,389.96497054100035,385.3,-0.06818738405245064,0.07888382365471681,2442
2025-08-28,2025-09-04,1,377.5,-0.0102510383127808,-0.0010735767427831888,0.0,373.6499999999998,377.0949414372444,377.5,-0.06811335207088084,0.07887717924882286,2447
2025-08-29,2025-09-05,1,386.1,-0.0032427552898646045,-0.008218914270401001,0.0,384.8499999999999,382.93969125151636,386.1,-0.06811335207088084,0.07887717924882286,2447
2025-09-02,2025-09-09,1,370.35,0.030448406832348895,-0.003936458379030228,0.0,381.79999999999995,368.8949981957674,370.35,-0.06811335207088084,0.07887717924882286,2447
2025-09-03,2025-09-10,1,373.65,0.0348467313301688,-0.0077466233633458614,0.0,386.9000000000002,370.76664931476114,373.65,-0.06811335207088084,0.07887717924882286,2447
2025-09-04,2025-09-11,1,374.4,0.0307716586667547,-0.006409410387277603,0.0,386.10000000000036,372.0079948425293,374.4,-0.06811335207088084,0.07887717924882286,2447
2025-09-05,2025-09-12,1,373.65,0.0944217398099028,0.0054094186052680016,0.0,410.6500000000002,375.6766860723495,373.65,-0.06803932008931105,0.0788705348429289,2452
2025-09-08,2025-09-15,1,384.85,0.11638179742611321,0.0025999685749411583,0.0,432.3500000000002,385.8518771052361,384.85,-0.06803932008931105,0.0788705348429289,2452
2025-09-09,2025-09-16,1,381.8,0.1007006443962624,0.00026077302754856646,0.0,422.2500000000001,381.8995848655701,381.8,-0.06803932008931105,0.0788705348429289,2452
2025-09-10,2025-09-17,1,386.9,0.0042555999487838,-0.0016660703113302588,0.0,388.54999999999995,386.2559282958507,386.9,-0.06803932008931105,0.0788705348429289,2452
2025-09-11,2025-09-18,1,386.1,-0.0006477103665785992,0.0051048798486590385,0.0,385.85,388.07601857185364,386.1,-0.06803932008931105,0.0788705348429289,2452
2025-09-12,2025-09-19,1,410.65,-0.11374274885949531,0.0020947728771716356,0.0,366.4999999999999,411.5111374080181,410.65,-0.06796528810774125,0.07920380548183732,2457
2025-09-15,2025-09-22,1,432.35,-0.162920373340153,-0.006740218959748745,0.0,367.34999999999997,429.44566177725795,432.35,-0.06796528810774125,0.07920380548183732,2457
2025-09-16,2025-09-23,1,422.25,-0.18723592158638327,-0.002684239996597171,0.0,350.1499999999998,421.1180916130543,422.25,-0.06796528810774125,0.07920380548183732,2457
2025-09-17,2025-09-24,1,388.55,-0.055018502173703895,0.01020867470651865,0.0,367.75000000000017,392.53688808083535,388.55,-0.06796528810774125,0.07920380548183732,2457
2025-10-29,2025-11-05,1,390.7,0.056959321133194594,0.00714109418913722,0.0,413.6,393.50000002384184,390.7,-0.06796528810774125,0.07920380548183732,2457
2025-10-30,2025-11-06,1,392.0,0.0120445196160563,0.005311771295964718,0.0,396.7500000000001,394.08775806427,392.0,-0.06832281491890621,0.07913650174518148,2462
2025-10-31,2025-11-07,1,392.05,0.0393874754634237,0.010618971660733223,0.0,407.79999999999995,396.2353491842747,392.05,-0.06832281491890621,0.07913650174518148,2462
2025-11-03,2025-11-10,1,406.65,0.019723064457769602,0.006016880739480257,0.0,414.75,409.1041206657886,406.65,-0.06832281491890621,0.07913650174518148,2462
2025-11-04,2025-11-11,1,405.25,0.0421585469569583,0.008945541456341743,0.0,422.6999999999998,408.89143005013466,405.25,-0.06832281491890621,0.07913650174518148,2462
2025-11-05,2025-11-12,1,413.6,-0.024351157353194798,0.0023352911230176687,0.0,403.65000000000003,414.5670182228089,413.6,-0.06832281491890621,0.07913650174518148,2462
2025-11-06,2025-11-13,1,396.75,0.012399181958717606,0.011618605814874172,0.0,401.6999999999998,401.38654947280884,396.75,-0.06832244330250478,0.07910697590963256,2467
2025-11-07,2025-11-14,1,407.8,-0.019812436074055,0.008394121192395687,0.0,399.8,411.23751261234287,407.8,-0.06832244330250478,0.07910697590963256,2467
2025-11-10,2025-11-17,1,414.75,-0.09649231284750201,0.009444653056561947,0.0,376.59999999999997,418.68573573231697,414.75,-0.06832244330250478,0.07910697590963256,2467
2025-11-11,2025-11-18,1,422.7,-0.0864308628958604,0.004685191437602043,0.0,387.70000000000016,424.6850544691086,422.7,-0.06832244330250478,0.07910697590963256,2467
2025-11-12,2025-11-19,1,403.65,-0.0740222198919536,0.011896817944943905,0.0,374.8499999999999,408.48084179162976,403.65,-0.06832244330250478,0.07910697590963256,2467
2025-11-13,2025-11-20,1,401.7,-0.0643891670935329,-0.010768049396574497,0.0,376.65,397.39767288565633,401.7,-0.06892017742429717,0.07907745007408364,2472
2025-11-14,2025-11-21,1,399.8,-0.07894900883164349,-0.00303780403919518,0.0,369.4499999999999,398.5873183369637,399.8,-0.06892017742429717,0.07907745007408364,2472
2025-12-30,2026-01-06,1,350.2,0.0696208866941415,0.011740532703697681,0.0,375.45,354.3357592821121,350.2,-0.06892017742429717,0.07907745007408364,2472
2025-12-31,2026-01-07,1,348.75,0.0654789390210791,0.006059004459530115,0.0,372.35,350.8694963157177,348.75,-0.06892017742429717,0.07907745007408364,2472
2026-01-02,2026-01-09,1,357.3,0.000979089525029203,0.004046954680234194,0.0,357.6500000000002,358.74890238046646,357.3,-0.06892017742429717,0.07907745007408364,2472
2026-01-05,2026-01-12,1,359.35,-0.0092256734863181,0.00822134967893362,0.0,356.04999999999995,362.3165216803551,359.35,-0.06908588093213604,0.07904792423853471,2477
2026-01-06,2026-01-13,1,373.85,-0.0370564125662938,0.007772529497742653,0.0,360.2499999999998,376.76709324717524,373.85,-0.06908588093213604,0.07904792423853471,2477
2026-01-07,2026-01-14,1,375.45,-0.0531945756938627,0.00860733911395073,0.0,355.99999999999994,378.6955631196499,375.45,-0.06908588093213604,0.07904792423853471,2477
2026-01-08,2026-01-15,1,372.35,-0.0390219951522673,0.009062972851097584,0.0,358.1000000000001,375.7399237930775,372.35,-0.06908588093213604,0.07904792423853471,2477
2026-01-09,2026-01-16,1,357.65,-0.0065923515274121,0.00685131223872304,0.0,355.2999999999997,360.10877212285993,357.65,-0.06908588093213604,0.07904792423853471,2477
2026-01-12,2026-01-19,1,356.05,-0.0271883517981762,0.0008771049906499684,0.0,346.4999999999999,356.3624337255955,356.05,-0.06903577634280637,0.07901734601838557,2482
2026-01-13,2026-01-20,1,360.25,-0.0360335698747845,0.0070894318632781506,0.0,347.50000000000006,362.81305223703384,360.25,-0.06903577634280637,0.07901734601838557,2482
2026-01-14,2026-01-21,1,356.0,-0.0235906918382148,0.002423809841275215,0.0,347.7,356.86392068862915,356.0,-0.06903577634280637,0.07901734601838557,2482
2026-01-15,2026-01-22,1,358.1,-0.020310994415218005,0.0068679251708090305,0.0,350.89999999999986,360.56788491010667,358.1,-0.06903577634280637,0.07901734601838557,2482
2026-01-16,2026-01-23,1,355.3,0.0026702285558791988,0.0030506139155477285,0.0,356.2500000000001,356.385517847538,355.3,-0.06903577634280637,0.07901734601838557,2482
2025-07-31,2025-08-28,4,295.8,0.2438870184123798,0.04943002015352249,0.0,377.49999999999994,310.7887936592102,295.8,-0.13610451513517638,0.15961059449452555,2427
2025-08-01,2025-08-29,4,284.2,0.30641818760719064,0.04880465194582939,0.0,386.1000000000001,298.4143229961395,284.2,-0.13610451513517638,0.15961059449452555,2427
2025-08-04,2025-09-01,4,288.55,0.24958012330232274,0.044689834117889404,0.0,370.35,301.7377192735672,288.55,-0.13610451513517638,0.15961059449452555,2427
2025-08-05,2025-09-02,4,298.7,0.22387980515423472,0.03190542012453079,0.0,373.64999999999986,308.3837944865227,298.7,-0.13610451513517638,0.15961059449452555,2427
2025-08-06,2025-09-03,4,293.4,0.24378787889455517,0.03937026485800743,0.0,374.39999999999975,305.1816324949264,293.4,-0.13610451513517638,0.15961059449452555,2427
2025-08-07,2025-09-04,4,297.8,0.2268974101263896,0.05391160771250725,0.0,373.6499999999997,314.29553260803226,297.8,-0.13608616688355218,0.16221191921817596,2432
2025-08-08,2025-09-05,4,309.35,0.2183803260033288,0.05391160771250725,0.0,384.8500000000001,326.48530225753785,309.35,-0.13608616688355218,0.16221191921817596,2432
2025-08-11,2025-09-08,4,314.05,0.19534470239125742,0.05391160771250725,0.0,381.8,331.44564142227176,314.05,-0.13608616688355218,0.16221191921817596,2432
2025-08-12,2025-09-09,4,308.3,0.2270929268143626,0.05391160771250725,0.0,386.90000000000003,325.3771413803101,308.3,-0.13608616688355218,0.16221191921817596,2432
2025-08-13,2025-09-10,4,312.65,0.21101204925688402,0.05391160771250725,0.0,386.1000000000001,329.968093585968,312.65,-0.13608616688355218,0.16221191921817596,2432
2025-08-14,2025-09-11,4,318.7,0.2534910487629104,0.05487491562962532,0.0,410.64999999999986,336.6773967623711,318.7,-0.136067818631928,0.16511036335468313,2437
2025-08-15,2025-09-12,4,334.2,0.25749582924514675,0.03894004970788956,0.0,432.3500000000003,347.47045955657956,334.2,-0.136067818631928,0.16511036335468313,2437
2025-08-18,2025-09-15,4,336.05,0.2283375972719348,0.023434899747371674,0.0,422.2500000000001,344.01831052303316,336.05,-0.136067818631928,0.16511036335468313,2437
2025-08-19,2025-09-16,4,349.05,0.10720668323884038,0.010705580934882164,0.0,388.5499999999999,352.8068422973156,349.05,-0.136067818631928,0.16511036335468313,2437
2025-08-20,2025-09-17,4,353.45,0.08770666028664935,0.006116936448961496,0.0,385.85000000000014,355.618663918972,353.45,-0.136067818631928,0.16511036335468313,2437
2025-08-21,2025-09-18,4,365.0,0.004101167744214693,0.02032794989645481,0.0,366.5,372.4956202507019,365.0,-0.13600089208493332,0.16605636514499633,2442
2025-08-22,2025-09-19,4,378.3,-0.029372459572696498,0.0034621760714799166,0.0,367.35000000000025,379.6120033621788,378.3,-0.13600089208493332,0.16605636514499633,2442
2025-08-25,2025-09-22,4,377.75,-0.07587096705132243,0.015612136572599411,0.0,350.1499999999999,383.6937725543976,377.75,-0.13600089208493332,0.16605636514499633,2442
2025-08-26,2025-09-23,4,372.3,-0.012296621397123925,0.01747247949242592,0.0,367.75000000000017,378.8621773481369,372.3,-0.13600089208493332,0.16605636514499633,2442
2025-08-27,2025-09-24,4,385.3,-0.0368772375168057,-0.0009758048690855503,0.0,371.3500000000003,384.9242127478123,385.3,-0.13600089208493332,0.16605636514499633,2442
2025-08-28,2025-09-25,4,377.5,0.0014558933151995745,-0.008867803029716015,0.0,378.05,374.167210906744,377.5,-0.13573965235645682,0.16601036999745158,2447
2025-08-29,2025-09-26,4,386.1,-0.03666505906204061,-0.021175442263484,0.0,372.1999999999999,378.0101158976555,386.1,-0.13573965235645682,0.16601036999745158,2447
2025-09-02,2025-09-30,4,370.35,0.012077441489772415,0.0014273962005972862,0.0,374.84999999999985,370.87899523973465,370.35,-0.13573965235645682,0.16601036999745158,2447
2025-09-03,2025-10-01,4,373.65,0.02706257163045311,-0.010221210308372974,0.0,383.9000000000001,369.8502976834774,373.65,-0.13573965235645682,0.16601036999745158,2447
2025-09-04,2025-10-02,4,374.4,0.009833966293451082,-0.008423376828432083,0.0,378.10000000000036,371.25953922271725,374.4,-0.13573965235645682,0.16601036999745158,2447
2025-09-05,2025-10-03,4,373.65,0.04474843892528751,0.0019613972399383783,0.0,390.7500000000003,374.3836158156395,373.65,-0.13547841262798033,0.16596437484990684,2452
2025-09-08,2025-10-06,4,384.85,-0.00913605937007839,0.009478911757469177,0.0,381.3500000000002,388.51530669331555,384.85,-0.13547841262798033,0.16596437484990684,2452
2025-09-09,2025-10-07,4,381.8,-0.016904787139239295,0.012916075065732002,0.0,375.39999999999986,386.76335885524753,381.8,-0.13547841262798033,0.16596437484990684,2452
2025-09-10,2025-10-08,4,386.9,-0.004663220885603794,0.005169907584786415,0.0,385.1000000000001,388.90543390512465,386.9,-0.13547841262798033,0.16596437484990684,2452
2025-09-11,2025-10-09,4,386.1,-0.02318830562223259,0.012542245909571648,0.0,377.24999999999994,390.9730775713921,386.1,-0.13547841262798033,0.16596437484990684,2452
2025-09-12,2025-10-10,4,410.65,-0.09602881126867832,-0.007789125666022301,0.0,373.04999999999984,407.4638258576393,410.65,-0.13521717289950383,0.1659183797023621,2457
2025-09-15,2025-10-13,4,432.35,-0.11547276548246879,-0.013242270797491074,0.0,385.2,426.6624428749085,432.35,-0.13521717289950383,0.1659183797023621,2457
2025-09-16,2025-10-14,4,422.25,-0.05500839161588178,-0.008083179593086243,0.0,399.64999999999986,418.85062547028065,422.25,-0.13521717289950383,0.1659183797023621,2457
2025-09-17,2025-10-15,4,388.55,0.016210706637352308,0.0062716309912502766,0.0,394.8999999999999,390.9945193767548,388.55,-0.13521717289950383,0.1659183797023621,2457
2025-10-29,2025-11-26,4,390.7,-0.028558534823267798,0.006570830009877682,0.0,379.70000000000016,393.27569448947906,390.7,-0.13521717289950383,0.1659183797023621,2457
2025-10-30,2025-11-27,4,392.0,-0.0279376680104156,-0.0013453664723783731,0.0,381.19999999999993,391.47297859191895,392.0,-0.13498194201856206,0.16586459097643202,2462
2025-10-31,2025-11-28,4,392.05,-0.0320079154391744,-0.003712180769070983,0.0,379.7,390.5973282188177,392.05,-0.13498194201856206,0.16586459097643202,2462
2025-11-03,2025-12-01,4,406.65,-0.0851687378097088,0.002820417284965515,0.0,373.4499999999999,407.79855270981784,406.65,-0.13498194201856206,0.16586459097643202,2462
2025-11-04,2025-12-02,4,405.25,-0.08440135999350051,-0.0017510871402919292,0.0,372.4499999999999,404.5409846752882,405.25,-0.13498194201856206,0.16586459097643202,2462
2025-11-05,2025-12-03,4,413.6,-0.08341314589247872,-0.0031275260262191296,0.0,380.50000000000006,412.308481168747,413.6,-0.13498194201856206,0.16586459097643202,2462
2025-11-06,2025-12-04,4,396.75,-0.05678041345744761,-0.010485639795660973,0.0,374.8499999999999,392.61155135929585,396.75,-0.13485074652775914,0.16577962793696097,2467
2025-11-07,2025-12-05,4,407.8,-0.107597225899945,-0.014171401038765907,0.0,366.1999999999998,402.06165676116944,407.8,-0.13485074652775914,0.16577962793696097,2467
2025-11-10,2025-12-08,4,414.75,-0.11755702141652415,-0.0041563198901712894,0.0,368.75000000000006,413.0297379344702,414.75,-0.13485074652775914,0.16577962793696097,2467
2025-11-11,2025-12-09,4,422.7,-0.12696272669407252,-0.009201152250170708,0.0,372.3000000000002,418.8285038352013,422.7,-0.13485074652775914,0.16577962793696097,2467
2025-11-12,2025-12-10,4,403.65,-0.07042724897409501,0.010713614523410797,0.0,376.19999999999976,407.9977768599987,403.65,-0.13485074652775914,0.16577962793696097,2467
2025-11-13,2025-12-11,4,401.7,-0.08409621950671811,-0.014580527320504189,0.0,369.30000000000035,395.8854930996895,401.7,-0.13471955103695624,0.1656946648974899,2472
2025-11-14,2025-12-12,4,399.8,-0.0307325773894166,0.004914368037134409,0.0,387.6999999999999,401.7695919513703,399.8,-0.13471955103695624,0.1656946648974899,2472
2025-12-30,2026-01-27,4,350.2,-0.013511776644026894,0.018320342525839806,0.0,345.5,356.67493240833284,350.2,-0.13471955103695624,0.1656946648974899,2472
2025-12-31,2026-01-28,4,348.75,-0.0484676355422204,0.012664670124650002,0.0,332.2500000000001,353.1949098408222,348.75,-0.13471955103695624,0.1656946648974899,2472
2026-01-02,2026-01-30,4,357.3,-0.0696828059705458,0.012601605616509914,0.0,333.25000000000006,361.8310517191887,357.3,-0.13471955103695624,0.1656946648974899,2472
2026-01-05,2026-02-02,4,359.35,-0.1250796623701503,-0.00207959464751184,0.0,317.0999999999999,358.60346464514737,359.35,-0.13458835554615334,0.16560970185801885,2477
2026-01-06,2026-02-03,4,373.85,-0.1916466986060197,-0.00025005702627822757,0.0,308.65,373.7565219908953,373.85,-0.13458835554615334,0.16560970185801885,2477
2026-01-07,2026-02-04,4,375.45,-0.196727664856719,0.003560887183994055,0.0,308.3999999999998,376.78931229114534,375.45,-0.13458835554615334,0.16560970185801885,2477
2026-01-08,2026-02-05,4,372.35,-0.22761843387191838,0.0028120707720518112,0.0,296.5500000000002,373.39856777787213,372.35,-0.13458835554615334,0.16560970185801885,2477
2026-01-09,2026-02-06,4,357.65,-0.1964854214957334,0.009295681491494179,0.0,293.84999999999997,360.99008439183234,357.65,-0.13458835554615334,0.16560970185801885,2477
2026-01-12,2026-02-09,4,356.05,-0.2027793628633034,-0.026486119255423546,0.0,290.70000000000005,346.743413823843,356.05,-0.13697158153007163,0.16551477092195702,2482
2026-01-13,2026-02-10,4,360.25,-0.2071377023438394,-0.0272257998585701,0.0,292.8500000000002,350.5742222815752,360.25,-0.13697158153007163,0.16551477092195702,2482
2026-01-14,2026-02-11,4,356.0,-0.1796845872181159,-0.01799185946583748,0.0,297.45,349.65217542648315,356.0,-0.13697158153007163,0.16551477092195702,2482
2026-01-15,2026-02-12,4,358.1,-0.18271258548368421,-0.019565194845199585,0.0,298.3,351.1618031084538,358.1,-0.13697158153007163,0.16551477092195702,2482
2026-01-16,2026-02-13,4,355.3,-0.2271623109091276,-0.018602881580591202,0.0,283.09999999999997,348.75150526165964,355.3,-0.13697158153007163,0.16551477092195702,2482
2025-06-10,2025-09-02,12,353.05,0.05670984041394296,0.01473881397396326,0.0,373.64999999999986,358.29208422899245,353.05,-0.21096836591552684,0.26096815913274496,2419
2025-06-11,2025-09-03,12,348.6,0.09892851489440643,0.011663367040455341,0.0,384.8500000000002,352.68964433670044,348.6,-0.21096836591552684,0.26096815913274496,2419
2025-06-12,2025-09-04,12,345.3,0.10048330689570091,0.009922021068632603,0.0,381.8000000000001,348.74311759471897,345.3,-0.21096836591552684,0.26096815913274496,2419
2025-06-13,2025-09-05,12,346.0,0.11172748664874314,-0.0011446996359154582,0.0,386.90000000000003,345.6041581630707,346.0,-0.21096836591552684,0.26096815913274496,2419
2025-06-16,2025-09-08,12,340.25,0.12641576173861643,0.001453799894079566,0.0,386.1000000000004,340.74500596523285,340.25,-0.21096836591552684,0.26096815913274496,2419
2025-06-17,2025-09-09,12,332.45,0.2112517973377383,0.02729153446853161,0.0,410.6500000000004,341.64802820086476,332.45,-0.21076940884033799,0.26091438278726137,2424
2025-07-16,2025-10-08,12,314.55,0.18176505163191944,0.004046812187880278,0.0,377.24999999999994,315.8255075454712,314.55,-0.21076940884033799,0.26091438278726137,2424
2025-07-30,2025-10-22,12,293.4,0.3349860807398775,0.0436224527657032,0.0,410.1499999999999,306.4820753574371,293.4,-0.21076940884033799,0.26091438278726137,2424
2025-07-31,2025-10-23,12,295.8,0.3092530116699832,0.04466916620731354,0.0,402.99999999999983,309.31268656253815,295.8,-0.21076940884033799,0.26091438278726137,2424
2025-08-01,2025-10-24,12,284.2,0.31672490084961075,0.05763697251677513,0.0,390.1,301.0616838216782,284.2,-0.21076940884033799,0.26091438278726137,2424
2025-08-04,2025-10-27,12,288.55,0.2958791932889461,0.0972689688205719,0.0,387.9,318.0273326098919,288.55,-0.21067245188112224,0.2617876520856793,2429
2025-08-05,2025-10-28,12,298.7,0.26850027683896105,0.08549344539642334,0.0,390.7000000000001,325.36028308868407,298.7,-0.21067245188112224,0.2617876520856793,2429
2025-08-06,2025-10-29,12,293.4,0.28972497408158115,0.09835821390151978,0.0,392.0,323.72521111965176,293.4,-0.21067245188112224,0.2617876520856793,2429
2025-08-07,2025-10-30,12,297.8,0.2749672624270225,0.08279909193515778,0.0,392.05000000000007,323.5071382045746,297.8,-0.21067245188112224,0.2617876520856793,2429
2025-08-08,2025-10-31,12,309.35,0.273479542635787,0.05601601302623749,0.0,406.65000000000026,327.1730656504631,309.35,-0.21067245188112224,0.2617876520856793,2429
2025-08-11,2025-11-03,12,314.05,0.2549519517153957,0.08271631598472595,0.0,405.25,341.13166706562043,314.05,-0.2105754949219065,0.264309713796334,2434
2025-08-12,2025-11-04,12,308.3,0.29382598830211476,0.09599638730287552,0.0,413.6,339.3627959370613,308.3,-0.2105754949219065,0.264309713796334,2434
2025-08-13,2025-11-05,12,312.65,0.23822200539321167,0.07234054803848267,0.0,396.75000000000006,336.1054363787174,312.65,-0.2105754949219065,0.264309713796334,2434
2025-08-14,2025-11-06,12,318.7,0.24652663671706423,0.044791556894779205,0.0,407.80000000000007,333.29960397481915,318.7,-0.2105754949219065,0.264309713796334,2434
2025-08-15,2025-11-07,12,334.2,0.2159363129092614,0.015664830803871155,0.0,414.7500000000004,339.4764156103134,334.2,-0.2105754949219065,0.264309713796334,2434
2025-08-18,2025-11-10,12,336.05,0.22940274915676898,0.051628854125738144,0.0,422.6999999999999,353.8555533707142,336.05,-0.21047853796269075,0.26484091953896455,2439
2025-08-19,2025-11-11,12,349.05,0.14533298742461395,0.017901254817843437,0.0,403.65,355.3547059714794,349.05,-0.21047853796269075,0.26484091953896455,2439
2025-08-20,2025-11-12,12,353.45,0.12796350874827322,0.020232710987329483,0.0,401.69999999999993,360.67409043908117,353.45,-0.21047853796269075,0.26484091953896455,2439
2025-08-21,2025-11-13,12,365.0,0.09106706848380887,0.008084365166723728,0.0,399.8000000000003,367.9627341032028,365.0,-0.21047853796269075,0.26484091953896455,2439
2025-08-22,2025-11-14,12,378.3,-0.004503915415930808,0.006178629584610462,0.0,376.60000000000025,380.64463158845905,378.3,-0.21047853796269075,0.26484091953896455,2439
2025-08-25,2025-11-17,12,377.75,0.025999243524034675,0.010520406067371368,0.0,387.70000000000005,381.7450426518917,377.75,-0.21028901073253103,0.26470239664553613,2444
2025-08-26,2025-11-18,12,372.3,0.006825965070399953,0.00918570812791586,0.0,374.85,375.7355810880661,372.3,-0.21028901073253103,0.26470239664553613,2444
2025-08-27,2025-11-19,12,385.3,-0.022705877360408206,0.014077216386795044,0.0,376.65,390.7622926592827,385.3,-0.21028901073253103,0.26470239664553613,2444
2025-08-28,2025-11-20,12,377.5,-0.021555155454422624,0.013290760107338428,0.0,369.45000000000005,382.5507441163063,377.5,-0.21028901073253103,0.26470239664553613,2444
2025-08-29,2025-11-21,12,386.1,-0.025045562722830216,0.020197173580527306,0.0,376.54999999999995,393.97742482423786,386.1,-0.21028901073253103,0.26470239664553613,2444
2025-09-02,2025-11-25,12,370.35,0.03436946792721081,0.007883759215474129,0.0,383.2999999999999,373.28128350377085,370.35,-0.21003776998840865,0.26450605522093507,2449
2025-09-03,2025-11-26,12,373.65,0.01606193686145859,0.006082271691411734,0.0,379.70000000000033,375.9295541346073,373.65,-0.21003776998840865,0.26450605522093507,2449
2025-09-04,2025-11-27,12,374.4,0.01799942717661045,0.01087595708668232,0.0,381.2000000000001,378.49417877197266,374.4,-0.21003776998840865,0.26450605522093507,2449
2025-09-05,2025-11-28,12,373.65,0.01606193686145859,0.01300040166825056,0.0,379.70000000000033,378.53930220007896,373.65,-0.21003776998840865,0.26450605522093507,2449
2025-09-08,2025-12-01,12,384.85,-0.0300695211772505,-0.0004861641791649163,0.0,373.4500000000001,384.66293369829657,384.85,-0.21003776998840865,0.26450605522093507,2449
2025-09-09,2025-12-02,12,381.8,-0.024794110669362192,0.0032291009556502104,0.0,372.44999999999993,383.03484323024753,381.8,-0.20978652924428626,0.264309713796334,2454
2025-09-10,2025-12-03,12,386.9,-0.016680084404726504,0.004254166968166828,0.0,380.50000000000006,388.5494637370109,386.9,-0.20978652924428626,0.264309713796334,2454
2025-09-11,2025-12-04,12,386.1,-0.029570457321119903,0.004727830179035664,0.0,374.8499999999999,387.9297456979752,386.1,-0.20978652924428626,0.264309713796334,2454
2025-09-12,2025-12-05,12,410.65,-0.11456163794579116,0.02114834636449814,0.0,366.19999999999993,419.4270320296287,410.65,-0.20978652924428626,0.264309713796334,2454
2025-09-15,2025-12-08,12,432.35,-0.1591165377524094,0.011017377488315105,0.0,368.7500000000001,437.1396764099598,432.35,-0.20978652924428626,0.264309713796334,2454
2025-09-16,2025-12-09,12,422.25,-0.1258975748092383,-0.02994510345160961,0.0,372.3,409.79311841726303,422.25,-0.20953528850016387,0.26411337237173294,2459
2025-09-17,2025-12-10,12,388.55,-0.032300944788321406,0.003120280336588621,0.0,376.19999999999993,389.76429286003116,388.55,-0.20953528850016387,0.26411337237173294,2459
2025-10-29,2026-01-21,12,390.7,-0.06189718700703861,0.014548134990036488,0.0,367.24999999999983,396.42551985979077,390.7,-0.20953528850016387,0.26411337237173294,2459
2025-10-30,2026-01-22,12,392.0,-0.11047561632459699,0.020694341510534286,0.0,350.99999999999994,400.1966829299927,392.0,-0.20953528850016387,0.26411337237173294,2459
2025-10-31,2026-01-23,12,392.05,-0.1263967394692066,0.022609084844589233,0.0,345.49999999999994,401.0148531615734,392.05,-0.20953528850016387,0.26411337237173294,2459
2025-11-03,2026-01-26,12,406.65,-0.2020651670194297,-0.004205281380563974,0.0,332.24999999999994,404.94350750148294,406.65,-0.20936411657662277,0.26399966149886767,2464
2025-11-04,2026-01-27,12,405.25,-0.19561120155696726,-0.0018246322870254517,0.0,333.25000000000006,404.5112501382828,405.25,-0.20936411657662277,0.26399966149886767,2464
2025-11-05,2026-01-28,12,413.6,-0.2656821416499176,0.004825275857001543,0.0,317.1000000000001,415.6005488395691,413.6,-0.20936411657662277,0.26399966149886767,2464
2025-11-06,2026-01-29,12,396.75,-0.25109841056661336,0.005213457625359297,0.0,308.65000000000003,398.82384753227234,396.75,-0.20936411657662277,0.26399966149886767,2464
2025-11-07,2026-01-30,12,407.8,-0.27937921645118097,0.006473639514297247,0.0,308.3999999999998,410.4485147237778,407.8,-0.20936411657662277,0.26399966149886767,2464
2025-11-10,2026-02-02,12,414.75,-0.33546009078581823,-0.05699937790632248,0.0,296.55,391.7706440538168,414.75,-0.21167228041382394,0.2639410376604929,2469
2025-11-11,2026-02-03,12,422.7,-0.363593274514084,-0.03739155828952789,0.0,293.8500000000002,407.18642694354054,422.7,-0.21167228041382394,0.2639410376604929,2469
2025-11-12,2026-02-04,12,403.65,-0.328256358276194,-0.0406574048101902,0.0,290.7000000000001,387.567772847414,403.65,-0.21167228041382394,0.2639410376604929,2469
2025-11-13,2026-02-05,12,401.7,-0.3160450088294446,-0.04017233848571777,0.0,292.8500000000002,385.8826047062874,401.7,-0.21167228041382394,0.2639410376604929,2469
2025-11-14,2026-02-06,12,399.8,-0.2957182784323856,-0.041276488453149796,0.0,297.4499999999998,383.63360394239425,399.8,-0.21167228041382394,0.2639410376604929,2469
2025-12-30,2026-03-24,12,350.2,-0.14907127368673687,-0.04074688255786896,0.0,301.69999999999976,336.2172494769096,350.2,-0.21581751122213647,0.26388241382211813,2474
2025-12-31,2026-03-25,12,348.75,-0.1757197409013299,-0.03743933513760567,0.0,292.5500000000001,335.93442879617214,348.75,-0.21581751122213647,0.26388241382211813,2474
2026-01-02,2026-03-27,12,357.3,-0.18030847106127307,-0.048304297029972076,0.0,298.3500000000001,340.45108448266984,357.3,-0.21581751122213647,0.26388241382211813,2474
2026-01-05,2026-03-30,12,359.35,-0.18787472366454347,-0.03535400703549385,0.0,297.7999999999999,346.8674979180098,359.35,-0.21581751122213647,0.26388241382211813,2474
2026-01-06,2026-03-31,12,373.85,-0.23552427734864523,-0.04612451419234276,0.0,295.4,356.997976154089,373.85,-0.21581751122213647,0.26388241382211813,2474
2025-05-14,2025-11-12,26,373.95,0.03610974603920774,-0.002777279820293188,0.0,387.7000000000003,372.91288552880286,373.95,-0.2901942517087111,0.43127045646099965,2401
2025-05-15,2025-11-13,26,384.95,-0.026587509774986938,-0.009372738189995289,0.0,374.8500000000002,381.35881631970403,384.95,-0.2901942517087111,0.43127045646099965,2401
2025-05-16,2025-11-14,26,376.25,0.00106255820861884,0.0004441588534973562,0.0,376.65000000000026,376.4171652495861,376.25,-0.2901942517087111,0.43127045646099965,2401
2025-05-19,2025-11-17,26,376.15,-0.0179725867715732,0.0030211203265935183,0.0,369.4500000000003,377.28809861540793,376.15,-0.2901942517087111,0.43127045646099965,2401
2025-05-20,2025-11-18,26,369.3,0.019441518688843234,0.036794234067201614,0.0,376.55,383.1411866784096,369.3,-0.2901942517087111,0.43127045646099965,2401
2025-05-21,2025-11-19,26,370.3,0.034504484466942834,0.0317520909011364,0.0,383.3000000000002,382.2464741945267,370.3,-0.2901199169768666,0.4312662904462373,2406
2025-05-22,2025-11-20,26,360.75,0.05119626958377727,-0.027715804055333138,0.0,379.70000000000033,350.8888170272112,360.75,-0.2901199169768666,0.4312662904462373,2406
2025-05-23,2025-11-21,26,361.0,0.05444621344716674,0.002792718354612589,0.0,381.2000000000002,362.00959062576294,361.0,-0.2901199169768666,0.4312662904462373,2406
2025-05-27,2025-11-25,26,361.7,0.04856632827970559,0.04068528488278389,0.0,379.7000000000005,376.7193360686302,361.7,-0.2901199169768666,0.4312662904462373,2406
2025-05-28,2025-11-26,26,351.95,0.05929500674893599,0.049924641847610474,0.0,373.45000000000033,369.96699835658075,351.95,-0.2901199169768666,0.4312662904462373,2406
2025-05-29,2025-11-27,26,348.4,0.06675155564393778,0.04136493802070618,0.0,372.45,363.11376614570617,348.4,-0.2900455822450222,0.43126212443147505,2411
2025-05-30,2025-11-28,26,342.45,0.10536051565782745,-0.03013220801949501,0.0,380.50000000000045,332.285140389204,342.45,-0.2900455822450222,0.43126212443147505,2411
2025-06-02,2025-12-01,26,344.45,0.08457700390986646,-0.0703171119093895,0.0,374.8500000000001,321.06122838556763,344.45,-0.2900455822450222,0.43126212443147505,2411
2025-06-03,2025-12-02,26,340.85,0.07173713443161656,-0.07303131371736526,0.0,366.2000000000002,316.8445302307606,340.85,-0.2900455822450222,0.43126212443147505,2411
2025-06-04,2025-12-03,26,346.15,0.06324670052999602,-0.07786858081817627,0.0,368.75000000000034,320.2185263156891,346.15,-0.2900455822450222,0.43126212443147505,2411
2025-06-05,2025-12-04,26,359.75,0.03429063511119493,0.057545360177755356,0.0,372.30000000000035,381.05918249487877,359.75,-0.2899712475131777,0.43125795841671277,2416
2025-06-06,2025-12-05,26,358.05,0.04944827541398106,0.06451278179883957,0.0,376.2,381.91016017198564,358.05,-0.2899712475131777,0.43125795841671277,2416
2025-06-09,2025-12-08,26,359.4,0.02717334750905996,0.04356750473380089,0.0,369.3000000000004,375.40426561832425,359.4,-0.2899712475131777,0.43125795841671277,2416
2025-06-10,2025-12-09,26,353.05,0.09362215471452798,-0.045299481600522995,0.0,387.7000000000002,337.4138552367687,353.05,-0.2899712475131777,0.43125795841671277,2416
2025-06-11,2025-12-10,26,348.6,0.08440231560893324,-0.02313918061554432,0.0,379.3000000000002,340.6262906312943,348.6,-0.2899712475131777,0.43125795841671277,2416
2025-06-12,2025-12-11,26,345.3,0.018933439931592855,-0.017645642161369324,0.0,351.9,339.2604047298432,345.3,-0.2898969127813332,0.43125379240195044,2421
2025-06-13,2025-12-12,26,346.0,-0.0015908601229199099,-0.0003022333839908242,0.0,345.45000000000016,345.8954403400421,346.0,-0.2898969127813332,0.43125379240195044,2421
2025-06-16,2025-12-15,26,340.25,0.001174915688102839,-0.0006107557564973831,0.0,340.6500000000004,340.04224675893784,340.25,-0.2898969127813332,0.43125379240195044,2421
2025-06-17,2025-12-16,26,332.45,0.04384344429042719,-0.009935150854289532,0.0,347.35000000000036,329.16341034471986,332.45,-0.2898969127813332,0.43125379240195044,2421
2025-07-16,2026-01-14,26,314.55,0.09962161898880761,-0.01793024316430092,0.0,347.49999999999983,308.9602989166975,314.55,-0.2898969127813332,0.43125379240195044,2421
2025-07-30,2026-01-28,26,293.4,0.050671083131023975,-0.0217424463480711,0.0,308.65000000000015,287.0896115899086,293.4,-0.28988296541311837,0.43091496107939387,2426
2025-07-31,2026-01-29,26,295.8,0.04171409141247467,-0.02626960724592209,0.0,308.3999999999999,288.13063259124755,295.8,-0.28988296541311837,0.43091496107939387,2426
2025-08-01,2026-01-30,26,284.2,0.04253762262173579,0.0003742002591025084,0.0,296.5500000000001,284.30638093948363,284.2,-0.28988296541311837,0.43091496107939387,2426
2025-08-04,2026-02-02,26,288.55,0.018201051901684244,0.008454139344394207,0.0,293.8500000000001,290.9997798025608,288.55,-0.28988296541311837,0.43091496107939387,2426
2025-08-05,2026-02-03,26,298.7,-0.02714791765723311,-0.007627076935023069,0.0,290.7000000000002,296.43046470880506,298.7,-0.28988296541311837,0.43091496107939387,2426
2025-08-06,2026-02-04,26,293.4,-0.0018763331730895253,0.011869044043123722,0.0,292.85000000000014,296.90312676429744,293.4,-0.2898690180449035,0.43057612975683723,2431
2025-08-07,2026-02-05,26,297.8,-0.0011759766159943636,-0.014141255058348179,0.0,297.4499999999999,293.61837524175644,297.8,-0.2898690180449035,0.43057612975683723,2431
2025-08-08,2026-02-06,26,309.35,-0.03637363045629472,-0.04931327700614929,0.0,298.30000000000007,294.46497474610806,309.35,-0.2898690180449035,0.43057612975683723,2431
2025-08-11,2026-02-09,26,314.05,-0.10375201678253629,-0.058071982115507126,0.0,283.0999999999999,296.33192658126353,314.05,-0.2898690180449035,0.43057612975683723,2431
2025-08-12,2026-02-10,26,308.3,-0.0780579772895572,-0.04500803351402283,0.0,285.14999999999986,294.73164857029917,308.3,-0.2898690180449035,0.43057612975683723,2431
2025-08-13,2026-02-11,26,312.65,-0.09119264897057112,-0.05406923219561577,0.0,285.3999999999999,296.194147375226,312.65,-0.2898550706766886,0.43023729843428066,2436
2025-08-14,2026-02-12,26,318.7,-0.10930791218656391,-0.07569298148155212,0.0,285.6999999999998,295.4670178294182,318.7,-0.2898550706766886,0.43023729843428066,2436
2025-08-15,2026-02-13,26,334.2,-0.18393866252772018,-0.08936918526887894,0.0,278.05,305.62852878570556,334.2,-0.2898550706766886,0.43023729843428066,2436
2025-08-18,2026-02-16,26,336.05,-0.16301792931990988,-0.09270564466714859,0.0,285.50000000000006,306.2967279881239,336.05,-0.2898550706766886,0.43023729843428066,2436
2025-08-19,2026-02-17,26,349.05,-0.2032524524900063,-0.10221341997385025,0.0,284.8499999999999,315.13520571291446,349.05,-0.2898550706766886,0.43023729843428066,2436
2025-08-20,2026-02-18,26,353.45,-0.22477169735751973,-0.12174992263317108,0.0,282.2999999999999,312.93394792079926,353.45,-0.2898411233084737,0.4298984671117241,2441
2025-08-21,2026-02-19,26,365.0,-0.26243275996393906,-0.1352754682302475,0.0,280.74999999999994,318.81846755743027,365.0,-0.2898411233084737,0.4298984671117241,2441
2025-08-22,2026-02-20,26,378.3,-0.28460284598323116,-0.14151731133460999,0.0,284.60000000000014,328.3795866429806,378.3,-0.2898411233084737,0.4298984671117241,2441
2025-08-25,2026-02-23,26,377.75,-0.28825580859303424,-0.1393643319606781,0.0,283.1500000000002,328.60888592898846,377.75,-0.2898411233084737,0.4298984671117241,2441
2025-08-26,2026-02-24,26,372.3,-0.26283442601022133,-0.11514826864004135,0.0,286.2500000000001,331.806410998106,372.3,-0.2898411233084737,0.4298984671117241,2441
2025-08-27,2026-02-25,26,385.3,-0.28828784461344065,-0.13723228871822357,0.0,288.8,335.89209470152855,385.3,-0.2896945829531985,0.42986417885025663,2446
2025-08-28,2026-02-26,26,377.5,-0.25237459270567425,-0.13246747851371765,0.0,293.29999999999995,330.66411927342415,377.5,-0.2896945829531985,0.42986417885025663,2446
2025-08-29,2026-02-27,26,386.1,-0.26270102150047664,-0.12931384146213531,0.0,296.9,339.26536350846294,386.1,-0.2896945829531985,0.42986417885025663,2446
2025-09-02,2026-03-03,26,370.35,-0.22476495418259904,-0.1164763793349266,0.0,295.79999999999995,329.630434691906,370.35,-0.2896945829531985,0.42986417885025663,2446
2025-09-03,2026-03-04,26,373.65,-0.26244455673137407,-0.10476741194725037,0.0,287.40000000000015,336.48451944887637,373.65,-0.2896945829531985,0.42986417885025663,2446
2025-09-04,2026-03-05,26,374.4,-0.2489134667433673,-0.07467705011367798,0.0,291.90000000000015,347.45934677124023,374.4,-0.2895480425979233,0.4298298905887891,2451
2025-09-05,2026-03-06,26,373.65,-0.27030417277375096,-0.06234663352370262,0.0,285.1500000000001,351.06552353203296,373.65,-0.2895480425979233,0.4298298905887891,2451
2025-09-08,2026-03-09,26,384.85,-0.2565994397449172,-0.0659961998462677,0.0,297.74999999999994,360.27132306396965,384.85,-0.2895480425979233,0.4298298905887891,2451
2025-09-09,2026-03-10,26,381.8,-0.23430434470689748,-0.06440898030996323,0.0,302.0499999999999,357.9838788747788,381.8,-0.2895480425979233,0.4298298905887891,2451
2025-09-10,2026-03-11,26,386.9,-0.2553842873838501,-0.06565138697624207,0.0,299.6999999999999,362.3153202176094,386.9,-0.2895480425979233,0.4298298905887891,2451
2025-09-11,2026-03-12,26,386.1,-0.23185792004660755,-0.09599149972200394,0.0,306.19999999999993,350.7609477460385,386.1,-0.28940150224264816,0.4297956023273216,2456
2025-09-12,2026-03-13,26,410.65,-0.28197574967695016,-0.06902334839105606,0.0,309.7499999999998,383.261659604311,410.65,-0.28940150224264816,0.4297956023273216,2456
2025-09-15,2026-03-16,26,432.35,-0.34238769781924283,-0.04009908437728882,0.0,306.9999999999998,415.3561604768038,432.35,-0.28940150224264816,0.4297956023273216,2456
2025-09-16,2026-03-17,26,422.25,-0.2840179823054918,-0.04347104951739311,0.0,317.84999999999997,404.28760501742363,422.25,-0.28940150224264816,0.4297956023273216,2456
2025-09-17,2026-03-18,26,388.55,-0.2063632424336791,-0.05559655651450157,0.0,316.1,367.5374902367592,388.55,-0.28940150224264816,0.4297956023273216,2456
2024-08-14,2025-08-13,52,237.0,0.48596211049697935,0.3371987044811249,0.0,385.29999999999944,332.04113030433655,237.0,-0.4193821914396214,0.6540663571957557,2340
2024-08-15,2025-08-14,52,239.9,0.45334839884342965,0.27029380202293396,0.0,377.49999999999966,314.35280791521075,239.9,-0.4193821914396214,0.6540663571957557,2340
2024-08-16,2025-08-15,52,245.45,0.45300314276612885,0.26453498005867004,0.0,386.09999999999985,319.77838988304137,245.45,-0.4193821914396214,0.6540663571957557,2340
2024-08-19,2025-08-18,52,245.9,0.4095235552371511,0.2550281286239624,0.0,370.3499999999999,317.3334333777428,245.9,-0.4193821914396214,0.6540663571957557,2340
2024-08-20,2025-08-19,52,249.45,0.4040610360692514,0.17340445518493652,0.0,373.6499999999995,296.68261631727216,249.45,-0.4193821914396214,0.6540663571957557,2340
2024-08-21,2025-08-20,52,249.45,0.4060662502963892,0.2930638790130615,0.0,374.39999999999947,334.3948016345501,249.45,-0.4193144460284185,0.6537546465688233,2345
2024-08-22,2025-08-21,52,246.8,0.4147412383450653,0.28084832429885864,0.0,373.64999999999964,326.8255724430084,246.8,-0.4193144460284185,0.6537546465688233,2345
2024-08-23,2025-08-22,52,251.2,0.42660421338628246,0.2575545310974121,0.0,384.84999999999985,324.99309635162354,251.2,-0.4193144460284185,0.6537546465688233,2345
2024-08-26,2025-08-25,52,253.65,0.4089415472789483,0.16493965685367584,0.0,381.8,299.1350263953209,253.65,-0.4193144460284185,0.6537546465688233,2345
2024-08-27,2025-08-26,52,259.4,0.3997949898241237,0.1194465309381485,0.0,386.9,292.3108604431152,259.4,-0.4193144460284185,0.6537546465688233,2345
2024-08-28,2025-08-27,52,260.45,0.39368549907899014,0.30292826890945435,0.0,386.09999999999997,352.6017271697521,260.45,-0.419233557761297,0.6534927238387583,2350
2024-08-29,2025-08-28,52,251.8,0.48910614857595425,0.1426761895418167,0.0,410.6499999999999,290.4151197910309,251.8,-0.419233557761297,0.6534927238387583,2350
2024-08-30,2025-08-29,52,248.2,0.5550005726359326,0.12467222660779953,0.0,432.3500000000001,281.15527493953704,248.2,-0.419233557761297,0.6534927238387583,2350
2024-09-03,2025-09-02,52,246.75,0.5372218773743186,0.11154228448867798,0.0,422.25000000000006,275.86674284935,246.75,-0.419233557761297,0.6534927238387583,2350
2024-09-04,2025-09-03,52,245.55,0.4589212691699975,0.11826785653829575,0.0,388.54999999999995,276.3776979446411,245.55,-0.419233557761297,0.6534927238387583,2350
2024-09-05,2025-09-04,52,246.6,0.44768110217336865,0.34664490818977356,0.0,385.8500000000002,348.7699283838272,246.6,-0.4191526694941755,0.6532308011086932,2355
2024-09-06,2025-09-05,52,240.05,0.423151286349756,0.35353386402130127,0.0,366.4999999999997,341.85309733748437,240.05,-0.4191526694941755,0.6532308011086932,2355
2024-09-09,2025-09-08,52,249.45,0.38705657775923946,0.34650948643684387,0.0,367.34999999999974,352.75296716094016,249.45,-0.4191526694941755,0.6532308011086932,2355
2024-09-10,2025-09-09,52,248.0,0.34493288793654364,0.3497309982776642,0.0,350.14999999999964,351.8341064453125,248.0,-0.4191526694941755,0.6532308011086932,2355
2024-09-11,2025-09-10,52,249.45,0.3881448651745002,0.3198867440223694,0.0,367.7499999999999,343.4856257021427,249.45,-0.4191526694941755,0.6532308011086932,2355
2024-09-12,2025-09-11,52,252.0,0.38771592660388227,0.32400044798851013,0.0,371.35,348.42726373672485,252.0,-0.4190717812270541,0.6529688783786283,2360
2024-09-13,2025-09-12,52,262.05,0.366491136756103,0.26393935084342957,0.0,378.0499999999998,341.202013617754,262.05,-0.4190717812270541,0.6529688783786283,2360
2024-09-16,2025-09-15,52,259.05,0.3624102509473531,0.2837737798690796,0.0,372.2,344.0526958823204,259.05,-0.4190717812270541,0.6529688783786283,2360
2024-09-17,2025-09-16,52,265.0,0.34679611996284865,0.2520352005958557,0.0,374.84999999999997,340.95996022224426,265.0,-0.4190717812270541,0.6529688783786283,2360
2024-10-29,2025-10-28,52,248.1,0.5328308168749888,0.09930070489645004,0.0,422.69999999999993,274.00123554468155,248.1,-0.4190717812270541,0.6529688783786283,2360
2024-10-30,2025-10-29,52,249.6,0.48068852934575185,0.25694605708122253,0.0,403.65,322.72666625976564,249.6,-0.4190419438206469,0.6529078513504937,2365
2024-10-31,2025-10-30,52,245.9,0.4907805921430895,0.2542905807495117,0.0,401.69999999999993,317.0994818210602,245.9,-0.4190419438206469,0.6529078513504937,2365
2024-11-01,2025-10-31,52,242.95,0.4981087612143876,0.20064015686511993,0.0,399.79999999999995,296.9298205971718,242.95,-0.4190419438206469,0.6529078513504937,2365
2024-11-04,2025-11-03,52,245.95,0.42605535298170366,0.21696458756923676,0.0,376.6000000000002,305.5437225759029,245.95,-0.4190419438206469,0.6529078513504937,2365
2024-11-05,2025-11-04,52,250.15,0.43817110674266946,0.16388696432113647,0.0,387.70000000000005,294.6970008790493,250.15,-0.4190419438206469,0.6529078513504937,2365
2024-11-06,2025-11-05,52,248.75,0.41007756991036903,0.3225404918193817,0.0,374.85,343.4319241344929,248.75,-0.4190248691294184,0.6528970482478413,2370
2024-11-07,2025-11-06,52,260.4,0.36909746393728987,0.29077738523483276,0.0,376.6500000000001,348.2763640880584,260.4,-0.4190248691294184,0.6528970482478413,2370
2024-11-08,2025-11-07,52,253.35,0.3772434813127383,0.24390669167041779,0.0,369.45000000000016,323.3316567599773,253.35,-0.4190248691294184,0.6528970482478413,2370
2024-11-11,2025-11-10,52,256.2,0.38509245108472734,0.2358480840921402,0.0,376.5500000000002,324.3445965528488,256.2,-0.4190248691294184,0.6528970482478413,2370
2024-11-12,2025-11-11,52,263.55,0.3745748690852937,0.20439453423023224,0.0,383.30000000000007,323.318418109417,263.55,-0.4190248691294184,0.6528970482478413,2370
2024-11-13,2025-11-12,52,271.65,0.33486699424022554,0.217120960354805,0.0,379.70000000000033,337.52358874082563,271.65,-0.41900779443818986,0.652886245145189,2375
2024-11-14,2025-11-13,52,278.95,0.31229161748850975,0.19471986591815948,0.0,381.2,338.9160457134247,278.95,-0.41900779443818986,0.652886245145189,2375
2024-11-15,2025-11-14,52,281.8,0.2981838677731771,0.2126256227493286,0.0,379.7000000000001,348.56449246406555,281.8,-0.41900779443818986,0.652886245145189,2375
2024-11-18,2025-11-17,52,280.75,0.2853195331845239,0.1849331557750702,0.0,373.45000000000033,337.7809917628765,280.75,-0.41900779443818986,0.652886245145189,2375
2024-11-19,2025-11-18,52,279.75,0.2862064534302511,0.1890650987625122,0.0,372.45000000000016,337.9714667201042,279.75,-0.41900779443818986,0.652886245145189,2375
2024-11-20,2025-11-19,52,295.3,0.2534943885518635,0.17920444905757904,0.0,380.5,353.25715485811236,295.3,-0.41899071974696134,0.6528754420425367,2380
2024-11-21,2025-11-20,52,298.65,0.22725362677075645,0.1846529245376587,0.0,374.85000000000014,359.2164798080921,298.65,-0.41899071974696134,0.6528754420425367,2380
2024-11-22,2025-11-21,52,305.25,0.18204851924959642,0.18195930123329163,0.0,366.20000000000005,366.1673415899277,305.25,-0.41899071974696134,0.6528754420425367,2380
2024-11-25,2025-11-24,52,308.35,0.17888340621652796,0.13489362597465515,0.0,368.7500000000001,352.88037170767785,308.35,-0.41899071974696134,0.6528754420425367,2380
2024-11-26,2025-11-25,52,312.15,0.17621613937091854,0.13043159246444702,0.0,372.3000000000001,355.6387429654598,312.15,-0.41899071974696134,0.6528754420425367,2380
2024-11-27,2025-11-26,52,326.15,0.14276351862482467,0.007784956134855747,0.0,376.1999999999998,328.69897999763486,326.15,-0.4189232398598166,0.6528267547333959,2385
2024-11-29,2025-11-28,52,321.65,0.13814532400150936,0.024836046621203423,0.0,369.3000000000004,329.73855841755864,321.65,-0.4189232398598166,0.6528267547333959,2385
2024-12-02,2025-12-01,52,299.2,0.2591195985765612,0.16723378002643585,0.0,387.69999999999993,353.66354312896726,299.2,-0.4189232398598166,0.6528267547333959,2385
2024-12-03,2025-12-02,52,297.7,0.24224118067312275,0.15947310626506805,0.0,379.30000000000007,349.17015372514726,297.7,-0.4189232398598166,0.6528267547333959,2385
2024-12-04,2025-12-03,52,305.95,0.1399253544189894,0.11917466670274734,0.0,351.8999999999998,344.6730661034584,305.95,-0.4189232398598166,0.6528267547333959,2385
2024-12-05,2025-12-04,52,315.75,0.089897153704204,0.11635933816432953,0.0,345.4500000000002,354.7133908867836,315.75,-0.41884315867369276,0.6527685963726333,2390
2024-12-06,2025-12-05,52,332.5,0.02421569712376885,0.04177094250917435,0.0,340.6500000000002,346.6829827427864,332.5,-0.41884315867369276,0.6527685963726333,2390
2024-12-09,2025-12-08,52,332.3,0.04429474177834203,0.025628892704844475,0.0,347.35000000000025,340.92653716802596,332.3,-0.41884315867369276,0.6527685963726333,2390
2024-12-10,2025-12-09,52,335.65,0.03311172696079764,0.0411568246781826,0.0,346.9500000000001,349.7525202035904,335.65,-0.41884315867369276,0.6527685963726333,2390
2024-12-11,2025-12-10,52,321.7,0.07035967090450473,0.07745691388845444,0.0,345.15000000000026,347.6083186864853,321.7,-0.41884315867369276,0.6527685963726333,2390
2024-12-12,2025-12-11,52,322.6,0.08223401952600853,0.1308123767375946,0.0,350.2500000000002,367.68462030887605,322.6,-0.4187630774875689,0.6527104380118706,2395
2024-12-13,2025-12-12,52,320.85,0.09308349699489546,0.11973638087511063,0.0,352.15000000000015,361.66200764179234,320.85,-0.4187630774875689,0.6527104380118706,2395
2024-12-16,2025-12-15,52,328.75,0.06320683635977767,0.10069341957569122,0.0,350.20000000000016,363.57694685459137,328.75,-0.4187630774875689,0.6527104380118706,2395
2024-12-17,2025-12-16,52,325.45,0.06914649311717948,0.09349840879440308,0.0,348.7500000000001,357.34698709249494,325.45,-0.4187630774875689,0.6527104380118706,2395
2024-12-18,2025-12-17,52,333.15,0.06998292602081826,0.08276425302028656,0.0,357.3000000000001,361.89608439803123,333.15,-0.4187630774875689,0.6527104380118706,2395
